Precision,Recall,F1-score,False positives,False negatives,Method,Reviewed pairs,Runtime seconds
0.9976,0.999198717948718,0.9983987189751802,3,1,Hybrid EMPI Score,0,0.0
0.991980753809142,0.9911858974358975,0.9915831663326653,10,11,Logistic Regression,0,0.036468999984208494
0.9674166020170675,0.999198717948718,0.9830508474576272,42,1,Random Forest,0,0.12711880001006648
0.9466056445461479,0.9943910256410257,0.9699101211410708,70,7,Gradient Boosting,0,0.08687320002354681
