Precision,Recall,F1-score,False positives,False negatives,Method,Reviewed pairs,Runtime seconds
0.9976,0.999198717948718,0.9983987189751802,3,1,Hybrid EMPI Score,0,0.0
0.9679186228482003,0.9911858974358975,0.9794140934283452,41,11,Logistic Regression,0,0.04682780004804954
0.9811320754716981,1.0,0.9904761904761905,24,0,Random Forest,0,0.17950770002789795
0.8973051711580481,0.9871794871794872,0.940099198779092,141,16,Gradient Boosting,0,0.12521780002862215
